feature,mean_abs_shap,sign_consistency,n_folds
WAB,0.19001886062324047,0.251953125,8
R SCORE,0.13466696441173553,0.287109375,8
BARTHAG,0.08729443931952119,0.240234375,8
BADJ EM,0.06790030840784311,0.25390625,8
NET RPI,0.06535018049180508,0.3203125,8
FTR,0.06195577001199126,0.74609375,8
OREB%,0.04721547313965857,0.33984375,8
2PT%D,0.042789166793227196,0.71875,8
TOV%,0.03739207633771002,0.673828125,8
BADJ T,0.03152895602397621,0.294921875,8
FTRD,0.024034421425312757,0.333984375,8
